{
    "meta": "decision-tree",
    "feature_importances_": [
        0.0,
        0.0,
        0.0,
        0.08050165421359803,
        0.0,
        0.0,
        0.07831429204380025,
        0.0,
        0.0,
        0.0,
        0.0,
        0.0,
        0.0,
        0.0,
        0.0,
        0.0,
        0.034434091570060756,
        0.0,
        0.0,
        0.0,
        0.0,
        0.0,
        0.0,
        0.0,
        0.0,
        0.0335024720270622,
        0.0,
        0.0,
        0.0,
        0.0,
        0.0,
        0.0,
        0.0,
        0.032466429194628645,
        0.0,
        0.0,
        0.0,
        0.0,
        0.0,
        0.0,
        0.0,
        0.0,
        0.0,
        0.0,
        0.0,
        0.0,
        0.0,
        0.0,
        0.0,
        0.0,
        0.0,
        0.0,
        0.0,
        0.0,
        0.0,
        0.0,
        0.0,
        0.0,
        0.0,
        0.0,
        0.03658622229318948,
        0.0,
        0.0,
        0.0,
        0.0,
        0.0,
        0.0,
        0.038946623731459795,
        0.0,
        0.0,
        0.0,
        0.0,
        0.0,
        0.03752276867030966,
        0.0,
        0.0,
        0.0,
        0.0,
        0.0,
        0.0,
        0.0,
        0.0,
        0.0,
        0.05966803203337159,
        0.0,
        0.0,
        0.0,
        0.0,
        0.0,
        0.0,
        0.0,
        0.0,
        0.0,
        0.0,
        0.0,
        0.0,
        0.0,
        0.0,
        0.0,
        0.0,
        0.0,
        0.0,
        0.0,
        0.0,
        0.032832422586520936,
        0.0,
        0.0,
        0.0,
        0.0,
        0.09572134864874911,
        0.0,
        0.0,
        0.0,
        0.0,
        0.0,
        0.0,
        0.0,
        0.0,
        0.0,
        0.0,
        0.3545668996195928,
        0.0,
        0.0,
        0.0,
        0.0,
        0.0,
        0.08493674336765669
    ],
    "max_features_": 127,
    "n_classes_": 2,
    "n_features_": 127,
    "n_outputs_": 1,
    "tree_": {
        "max_depth": 7,
        "node_count": 27,
        "nodes": [
            [
                1,
                14,
                120,
                0.5,
                0.4829861438401357,
                103,
                103.0
            ],
            [
                2,
                3,
                126,
                0.5,
                0.28823381204333587,
                63,
                63.0
            ],
            [
                -1,
                -1,
                -2,
                -2.0,
                0.0,
                33,
                33.0
            ],
            [
                4,
                9,
                3,
                3.5,
                0.46444444444444444,
                30,
                30.0
            ],
            [
                5,
                8,
                109,
                0.5,
                0.4591836734693877,
                14,
                14.0
            ],
            [
                6,
                7,
                25,
                0.5,
                0.2777777777777778,
                6,
                6.0
            ],
            [
                -1,
                -1,
                -2,
                -2.0,
                0.0,
                5,
                5.0
            ],
            [
                -1,
                -1,
                -2,
                -2.0,
                0.0,
                1,
                1.0
            ],
            [
                -1,
                -1,
                -2,
                -2.0,
                0.0,
                8,
                8.0
            ],
            [
                10,
                13,
                104,
                0.5,
                0.21875,
                16,
                16.0
            ],
            [
                11,
                12,
                73,
                0.5,
                0.12444444444444447,
                15,
                15.0
            ],
            [
                -1,
                -1,
                -2,
                -2.0,
                0.0,
                14,
                14.0
            ],
            [
                -1,
                -1,
                -2,
                -2.0,
                0.0,
                1,
                1.0
            ],
            [
                -1,
                -1,
                -2,
                -2.0,
                0.0,
                1,
                1.0
            ],
            [
                15,
                16,
                6,
                2.5,
                0.34875,
                40,
                40.0
            ],
            [
                -1,
                -1,
                -2,
                -2.0,
                0.0,
                3,
                3.0
            ],
            [
                17,
                26,
                83,
                0.5,
                0.27173119065010953,
                37,
                37.0
            ],
            [
                18,
                25,
                33,
                0.5,
                0.20244897959183672,
                35,
                35.0
            ],
            [
                19,
                24,
                16,
                0.5,
                0.16089965397923878,
                34,
                34.0
            ],
            [
                20,
                23,
                60,
                0.5,
                0.1138659320477502,
                33,
                33.0
            ],
            [
                21,
                22,
                67,
                0.5,
                0.060546875,
                32,
                32.0
            ],
            [
                -1,
                -1,
                -2,
                -2.0,
                0.0,
                31,
                31.0
            ],
            [
                -1,
                -1,
                -2,
                -2.0,
                0.0,
                1,
                1.0
            ],
            [
                -1,
                -1,
                -2,
                -2.0,
                0.0,
                1,
                1.0
            ],
            [
                -1,
                -1,
                -2,
                -2.0,
                0.0,
                1,
                1.0
            ],
            [
                -1,
                -1,
                -2,
                -2.0,
                0.0,
                1,
                1.0
            ],
            [
                -1,
                -1,
                -2,
                -2.0,
                0.0,
                2,
                2.0
            ]
        ],